{
    "a1": [
        0.4735928114097546,
        0.21769675936541213,
        0.09588056722753927,
        -2.665775200178559,
        -0.021956352278120067,
        2.902213941879074,
        1.406990827778221,
        0.015182461589574814,
        0.015182461589574814
    ],
    "a1kose": [
        0.4415496708008226,
        0.17821440750668946,
        0.234931958741142,
        -2.685582319627728,
        0.059359599363472716,
        2.8665817855199176,
        1.4668697009343532,
        0.015182790346443653,
        0.015182790346443653
    ],
    "a2": [
        0.4695464013212776,
        0.29258828223362415,
        0.0462607171962871,
        -2.555780393153002,
        -0.02185108166270786,
        2.9021879304966403,
        1.351604022243563,
        0.015182790346443653,
        0.015182790346443653
    ],
    "a3": [
        0.469558098546245,
        0.34857782495230955,
        0.0065575715018436845,
        -2.4345582691125833,
        -0.021781856064479042,
        2.853634887377421,
        1.2898877486180929,
        0.015182790346443653,
        0.015182790346443653
    ],
    "a4": [
        0.4695383275600902,
        0.4194532348050951,
        -0.02820747892434116,
        -2.2966234443867655,
        -0.02157483931713634,
        2.783507877031962,
        1.2660934059412696,
        0.015182790346443653,
        0.015182790346443653
    ],
    "a5": [
        0.46725379739336004,
        0.5018257022680775,
        -0.05606690558850694,
        -2.1629004871411577,
        -0.021560566776864427,
        2.771482352256775,
        1.2378173709511755,
        0.015182790346443653,
        0.015182790346443653
    ],
    "a6": [
        0.4480181204528757,
        0.5947149314471506,
        -0.06782475523781357,
        -1.9807780463204983,
        -0.01879107513968591,
        2.6744722166059103,
        1.231677971739736,
        0.015182790346443653,
        0.015182790346443653
    ],
    "a7": [
        0.4318125095842004,
        0.6876446558883877,
        -0.07716517659254828,
        -1.825567450598024,
        -0.009486756998930515,
        2.625979616249928,
        1.2145694836628318,
        0.015182790346443653,
        0.015182790346443653
    ],
    "a8": [
        0.4026380708133743,
        0.794282790708982,
        -0.07831454292201159,
        -1.6473543470027645,
        0.007039653732468159,
        2.5853492345809936,
        1.191812741815216,
        0.015182790346443653,
        0.015182790346443653
    ],
    "a8kose": [
        0.3760091188479637,
        0.9226033438870114,
        -0.01741780253809633,
        -1.28518781537351,
        0.000313631967925984,
        2.2486363373085063,
        1.2141162960330645,
        0.015182790346443653,
        0.015182790346443653
    ],
    "b1": [
        0.5292869175530537,
        0.1723152866447181,
        -0.047452534876157915,
        -2.7726375168940978,
        -0.03073616883324252,
        3.0143779617945348,
        1.30138078899702,
        0.015183118171989918,
        0.015183118171989918
    ],
    "b2": [
        0.5278903211208812,
        0.25969000012832777,
        -0.08906074515211672,
        -2.626064888676343,
        -0.030864769430624113,
        2.953613764796772,
        1.2980289192257655,
        0.015183118171989918,
        0.015183118171989918
    ],
    "b3": [
        0.5273914874131597,
        0.3343279644101787,
        -0.12203078047030037,
        -2.4955209660710107,
        -0.03128458137549453,
        2.8962643931706746,
        1.2485838203041035,
        0.015183118171989918,
        0.015183118171989918
    ],
    "b4": [
        0.4978744657098276,
        0.3995503962599313,
        -0.12037550422183273,
        -2.3676749233446674,
        0.11996229481034809,
        2.8509972880870555,
        1.1029062184285787,
        0.015183118171989918,
        0.015183118171989918
    ],
    "b5": [
        0.4968155748003078,
        0.49189175517246275,
        -0.14637972084053777,
        -2.20621609036936,
        0.11978396383921305,
        2.779529147783915,
        1.092436982766903,
        0.015183118171989918,
        0.015183118171989918
    ],
    "b6": [
        0.4496906584222253,
        0.557360497341099,
        -0.13668936643216908,
        -2.059742612571047,
        0.1576717785941351,
        2.7065985674799222,
        1.0291914052216071,
        0.015183118171989918,
        0.015183118171989918
    ],
    "b7": [
        0.4195861231862453,
        0.6570823052640546,
        -0.14175723505149354,
        -1.8784563936099652,
        0.15787757368220223,
        2.642181011980072,
        0.9939111217457494,
        0.015183118171989918,
        0.015183118171989918
    ],
    "b8": [
        0.39585412045845986,
        0.7539597825210583,
        -0.14511823807892038,
        -1.6978276504038177,
        0.15785560454227945,
        2.565891655921936,
        0.9844988993638789,
        0.015183118171989918,
        0.015183118171989918
    ],
    "c1": [
        0.4672774766202558,
        0.14813512926143513,
        -0.07472422627358057,
        -2.7886653070951763,
        0.14880090209487135,
        2.951484189615456,
        1.0547159443258909,
        0.015183118171989918,
        0.015183118171989918
    ],
    "c2": [
        0.4661667610260478,
        0.21259401167722933,
        -0.11105512954671942,
        -2.653373493169773,
        0.14880053746715066,
        2.8925884300867715,
        1.054712118366501,
        0.015183118171989918,
        0.015183118171989918
    ],
    "c3": [
        0.46529748786823855,
        0.3041572351736859,
        -0.13842302962686218,
        -2.5293760690941816,
        0.14888424047503873,
        2.884550619388313,
        1.0142006294520365,
        0.015182790346443653,
        0.015182790346443653
    ],
    "c4": [
        0.4639419848040531,
        0.388853631060996,
        -0.17015921525773933,
        -2.3778330192458963,
        0.14889666097539686,
        2.80568903503794,
        1.0141944496424653,
        0.015182790346443653,
        0.015182790346443653
    ],
    "c5": [
        0.46297436074206705,
        0.46079959578542234,
        -0.1896394455973644,
        -2.2477671690822283,
        0.1494290752195128,
        2.7834408814112344,
        0.954618423627327,
        0.015182790346443653,
        0.015182790346443653
    ],
    "c6": [
        0.4534664676848404,
        0.5522058767172244,
        -0.20280595921242484,
        -2.0869329068309277,
        0.15408054025305642,
        2.710912471453349,
        0.9545990737867023,
        0.015183118171989918,
        0.015183118171989918
    ],
    "c7": [
        0.4277705612993718,
        0.6487749272065498,
        -0.21062348365149675,
        -1.8999941244042,
        0.18073880082795704,
        2.617209274591041,
        0.9546613606404927,
        0.015182790346443653,
        0.015182790346443653
    ],
    "c8": [
        0.3847810707803357,
        0.7561846691988231,
        -0.20775975389051465,
        -1.6771084801840557,
        0.19998138220442666,
        2.484408531850346,
        0.9410102724876481,
        0.015182790346443653,
        0.015182790346443653
    ],
    "d1": [
        0.3577740249974721,
        0.1021058510170793,
        -0.06640935965274448,
        -2.876842178105217,
        0.2220331500455954,
        3.056136380340254,
        0.8792847016827877,
        0.015182790346443653,
        0.015182790346443653
    ],
    "d2": [
        0.3568642104717723,
        0.18995382086889726,
        -0.10103172913470158,
        -2.722659353728463,
        0.2220196810487288,
        2.9684920365015666,
        0.8779460783897237,
        0.015182790346443653,
        0.015182790346443653
    ],